Accuracy,Macro-F1,Recall,ECE
0.8065984072810012,0.7100561571968785,0.7151963145367635,0.06452806221069057
